{
    "crash helmet": {
        "type_1_text_consistency_score": 0.8215160965919495,
        "type_2_text_consistency_score": 0.06863901019096375,
        "type_3_text_consistency_score": -0.013767838478088379
    },
    "football helmet": {
        "type_1_text_consistency_score": 0.8215160965919495,
        "type_2_text_consistency_score": 0.26628535985946655,
        "type_3_text_consistency_score": 0.005773782730102539
    }
}