{
    "adornment": {
        "type_1_text_consistency_score": 0.8397634029388428,
        "type_2_text_consistency_score": 0.3585989475250244,
        "type_3_text_consistency_score": 0.07754319906234741
    },
    "design, pattern, figure": {
        "type_1_text_consistency_score": 0.8397634029388428,
        "type_2_text_consistency_score": 0.1560067981481552,
        "type_3_text_consistency_score": 0.09062165021896362
    }
}