{
    "shower curtain": {
        "type_1_text_consistency_score": 0.8579572439193726,
        "type_2_text_consistency_score": 0.08617335557937622,
        "type_3_text_consistency_score": 0.04212838411331177
    },
    "theater curtain, theatre curtain": {
        "type_1_text_consistency_score": 0.8579572439193726,
        "type_2_text_consistency_score": 0.43398424983024597,
        "type_3_text_consistency_score": 0.11559444665908813
    }
}