{
    "eggnog": {
        "type_1_text_consistency_score": 0.7896074056625366,
        "type_2_text_consistency_score": 0.24130499362945557,
        "type_3_text_consistency_score": -0.03406703472137451
    },
    "cup": {
        "type_1_text_consistency_score": 0.7896074056625366,
        "type_2_text_consistency_score": 0.335114985704422,
        "type_3_text_consistency_score": 0.020027458667755127
    }
}