{
    "mailbag, postbag": {
        "type_1_text_consistency_score": 0.8544340133666992,
        "type_2_text_consistency_score": 0.33231431245803833,
        "type_3_text_consistency_score": 0.03270065784454346
    },
    "backpack, back pack, knapsack, packsack, rucksack, haversack": {
        "type_1_text_consistency_score": 0.819968581199646,
        "type_2_text_consistency_score": 0.2215520441532135,
        "type_3_text_consistency_score": 0.15272730588912964
    },
    "purse": {
        "type_1_text_consistency_score": 0.819968581199646,
        "type_2_text_consistency_score": 0.18673428893089294,
        "type_3_text_consistency_score": 0.055229902267456055
    },
    "sleeping bag": {
        "type_1_text_consistency_score": 0.8178094029426575,
        "type_2_text_consistency_score": 0.25855690240859985,
        "type_3_text_consistency_score": 0.024614334106445312
    },
    "plastic bag": {
        "type_1_text_consistency_score": 0.8178094029426575,
        "type_2_text_consistency_score": 0.11684732139110565,
        "type_3_text_consistency_score": 0.02031123638153076
    }
}