{
    "fur coat": {
        "type_1_text_consistency_score": 0.8667372465133667,
        "type_2_text_consistency_score": 0.3039122223854065,
        "type_3_text_consistency_score": 0.1527445912361145
    },
    "raincoat, waterproof": {
        "type_1_text_consistency_score": 0.8667372465133667,
        "type_2_text_consistency_score": 0.23881381750106812,
        "type_3_text_consistency_score": 0.051936984062194824
    },
    "lab coat, laboratory coat": {
        "type_1_text_consistency_score": 0.8850937485694885,
        "type_2_text_consistency_score": 0.32133421301841736,
        "type_3_text_consistency_score": 0.06470203399658203
    }
}