{
    "harvestman, daddy longlegs, phalangium opilio": {
        "type_1_text_consistency_score": 0.8235100507736206,
        "type_2_text_consistency_score": 0.05320736765861511,
        "type_3_text_consistency_score": 0.32305312156677246
    },
    "scorpion": {
        "type_1_text_consistency_score": 0.6509689688682556,
        "type_2_text_consistency_score": 0.011894762516021729,
        "type_3_text_consistency_score": -0.03745126724243164
    },
    "spider": {
        "type_1_text_consistency_score": 0.5768489241600037,
        "type_2_text_consistency_score": 0.16511589288711548,
        "type_3_text_consistency_score": -0.05087488889694214
    },
    "acarine": {
        "type_1_text_consistency_score": 0.5768489241600037,
        "type_2_text_consistency_score": 0.19745589792728424,
        "type_3_text_consistency_score": -0.08588975667953491
    }
}