{
    "welsh terrier": {
        "type_1_text_consistency_score": 0.872465968132019,
        "type_2_text_consistency_score": 0.19769510626792908,
        "type_3_text_consistency_score": 0.033300161361694336
    },
    "lakeland terrier": {
        "type_1_text_consistency_score": 0.872465968132019,
        "type_2_text_consistency_score": 0.3388426899909973,
        "type_3_text_consistency_score": 0.033832013607025146
    }
}