{
    "walker hound, walker foxhound": {
        "type_1_text_consistency_score": 0.7414348125457764,
        "type_2_text_consistency_score": 0.01566779613494873,
        "type_3_text_consistency_score": 0.01815509796142578
    },
    "english foxhound": {
        "type_1_text_consistency_score": 0.7414348125457764,
        "type_2_text_consistency_score": 0.28774186968803406,
        "type_3_text_consistency_score": -0.03988242149353027
    }
}