{
    "true frog, ranid": {
        "type_1_text_consistency_score": 0.872763454914093,
        "type_2_text_consistency_score": 0.3077336847782135,
        "type_3_text_consistency_score": 0.03916275501251221
    },
    "tree frog, tree-frog": {
        "type_1_text_consistency_score": 0.872763454914093,
        "type_2_text_consistency_score": 0.10480941832065582,
        "type_3_text_consistency_score": 0.018117666244506836
    },
    "tailed frog, bell toad, ribbed toad, tailed toad, ascaphus trui": {
        "type_1_text_consistency_score": 0.8904485702514648,
        "type_2_text_consistency_score": 0.17036482691764832,
        "type_3_text_consistency_score": 0.14374232292175293
    }
}