{
    "sewing machine": {
        "type_1_text_consistency_score": 0.8203533887863159,
        "type_2_text_consistency_score": 0.09041924774646759,
        "type_3_text_consistency_score": 0.04258757829666138
    },
    "iron, smoothing iron": {
        "type_1_text_consistency_score": 0.7018493413925171,
        "type_2_text_consistency_score": 0.2134338617324829,
        "type_3_text_consistency_score": 0.021857798099517822
    },
    "kitchen appliance": {
        "type_1_text_consistency_score": 0.7218561768531799,
        "type_2_text_consistency_score": 0.28406551480293274,
        "type_3_text_consistency_score": 0.02020329236984253
    },
    "vacuum, vacuum cleaner": {
        "type_1_text_consistency_score": 0.7449986934661865,
        "type_2_text_consistency_score": 0.17347240447998047,
        "type_3_text_consistency_score": 0.05704045295715332
    },
    "white goods": {
        "type_1_text_consistency_score": 0.7018493413925171,
        "type_2_text_consistency_score": 0.12965106964111328,
        "type_3_text_consistency_score": 0.03663766384124756
    }
}