{
    "feather boa, boa": {
        "type_1_text_consistency_score": 0.7012230157852173,
        "type_2_text_consistency_score": 0.19375312328338623,
        "type_3_text_consistency_score": 0.2231643795967102
    },
    "stole": {
        "type_1_text_consistency_score": 0.7012230157852173,
        "type_2_text_consistency_score": 0.30500879883766174,
        "type_3_text_consistency_score": 0.08247798681259155
    }
}