{
    "pool table, billiard table, snooker table": {
        "type_1_text_consistency_score": 0.7274429798126221,
        "type_2_text_consistency_score": 0.03689044713973999,
        "type_3_text_consistency_score": 0.2653568983078003
    },
    "game": {
        "type_1_text_consistency_score": 0.6236621737480164,
        "type_2_text_consistency_score": 0.36114007234573364,
        "type_3_text_consistency_score": -0.018576622009277344
    },
    "ball": {
        "type_1_text_consistency_score": 0.6236621737480164,
        "type_2_text_consistency_score": 0.042219191789627075,
        "type_3_text_consistency_score": -0.06820076704025269
    }
}