{
    "feather boa, boa": {
        "type_1_text_consistency_score": 0.6900461912155151,
        "type_2_text_consistency_score": 0.21732667088508606,
        "type_3_text_consistency_score": 0.1957629919052124
    },
    "stole": {
        "type_1_text_consistency_score": 0.6900461912155151,
        "type_2_text_consistency_score": 0.31079763174057007,
        "type_3_text_consistency_score": 0.02695000171661377
    }
}