{
    "percoid fish, percoid, percoidean": {
        "type_1_text_consistency_score": 0.7405860424041748,
        "type_2_text_consistency_score": 0.2977747917175293,
        "type_3_text_consistency_score": -0.00848686695098877
    },
    "scorpaenoid, scorpaenoid fish": {
        "type_1_text_consistency_score": 0.7405860424041748,
        "type_2_text_consistency_score": -0.00568297877907753,
        "type_3_text_consistency_score": 0.006499826908111572
    },
    "plectognath, plectognath fish": {
        "type_1_text_consistency_score": 0.90195232629776,
        "type_2_text_consistency_score": -0.03797464072704315,
        "type_3_text_consistency_score": 0.045071959495544434
    }
}