{
    "european fire salamander, salamandra salamandra": {
        "type_1_text_consistency_score": 0.7315372228622437,
        "type_2_text_consistency_score": 0.10099568963050842,
        "type_3_text_consistency_score": 0.26973944902420044
    },
    "newt, triton": {
        "type_1_text_consistency_score": 0.6997313499450684,
        "type_2_text_consistency_score": 0.14079417288303375,
        "type_3_text_consistency_score": 0.06573915481567383
    },
    "ambystomid, ambystomid salamander": {
        "type_1_text_consistency_score": 0.6997313499450684,
        "type_2_text_consistency_score": 0.3374393582344055,
        "type_3_text_consistency_score": 0.24920427799224854
    }
}