{
    "arthropod": {
        "type_1_text_consistency_score": 0.7063264846801758,
        "type_2_text_consistency_score": 0.16237497329711914,
        "type_3_text_consistency_score": -0.03410440683364868
    },
    "coelenterate, cnidarian": {
        "type_1_text_consistency_score": 0.7653582096099854,
        "type_2_text_consistency_score": 0.1211281269788742,
        "type_3_text_consistency_score": 0.06061112880706787
    },
    "worm": {
        "type_1_text_consistency_score": 0.688206136226654,
        "type_2_text_consistency_score": 0.12469817698001862,
        "type_3_text_consistency_score": -0.026084542274475098
    },
    "mollusk, mollusc, shellfish": {
        "type_1_text_consistency_score": 0.688206136226654,
        "type_2_text_consistency_score": 0.27171701192855835,
        "type_3_text_consistency_score": 0.10210311412811279
    },
    "echinoderm": {
        "type_1_text_consistency_score": 0.7231175899505615,
        "type_2_text_consistency_score": 0.1742321252822876,
        "type_3_text_consistency_score": 0.03414422273635864
    }
}