{
    "framework": {
        "type_1_text_consistency_score": 0.6362141370773315,
        "type_2_text_consistency_score": 0.03253224492073059,
        "type_3_text_consistency_score": -0.00393909215927124
    },
    "support": {
        "type_1_text_consistency_score": 0.6362141370773315,
        "type_2_text_consistency_score": 0.28774791955947876,
        "type_3_text_consistency_score": -0.017697036266326904
    }
}