{
    "golden retriever": {
        "type_1_text_consistency_score": 0.8751716613769531,
        "type_2_text_consistency_score": 0.33438679575920105,
        "type_3_text_consistency_score": -0.07394528388977051
    },
    "chesapeake bay retriever": {
        "type_1_text_consistency_score": 0.8684579133987427,
        "type_2_text_consistency_score": 0.13742825388908386,
        "type_3_text_consistency_score": 0.16226768493652344
    },
    "curly-coated retriever": {
        "type_1_text_consistency_score": 0.8312467336654663,
        "type_2_text_consistency_score": 0.11959940195083618,
        "type_3_text_consistency_score": -0.018709897994995117
    },
    "flat-coated retriever": {
        "type_1_text_consistency_score": 0.8312467336654663,
        "type_2_text_consistency_score": 0.05090911686420441,
        "type_3_text_consistency_score": -0.004055917263031006
    },
    "labrador retriever": {
        "type_1_text_consistency_score": 0.8774914741516113,
        "type_2_text_consistency_score": 0.17153598368167877,
        "type_3_text_consistency_score": -0.007488429546356201
    }
}