{
    "petri dish": {
        "type_1_text_consistency_score": 0.8067436814308167,
        "type_2_text_consistency_score": 0.16897663474082947,
        "type_3_text_consistency_score": 0.0866590142250061
    },
    "bowl": {
        "type_1_text_consistency_score": 0.8067436814308167,
        "type_2_text_consistency_score": 0.3277249336242676,
        "type_3_text_consistency_score": 0.06833958625793457
    }
}