{
    "african elephant, loxodonta africana": {
        "type_1_text_consistency_score": 0.946576714515686,
        "type_2_text_consistency_score": 0.21366557478904724,
        "type_3_text_consistency_score": -0.023013949394226074
    },
    "indian elephant, elephas maximus": {
        "type_1_text_consistency_score": 0.946576714515686,
        "type_2_text_consistency_score": 0.18233412504196167,
        "type_3_text_consistency_score": 0.03473025560379028
    }
}