{
    "buckle": {
        "type_1_text_consistency_score": 0.5119462609291077,
        "type_2_text_consistency_score": -0.0007838141173124313,
        "type_3_text_consistency_score": -0.1674436330795288
    },
    "clip": {
        "type_1_text_consistency_score": 0.5456552505493164,
        "type_2_text_consistency_score": 0.22718432545661926,
        "type_3_text_consistency_score": -0.1329200267791748
    },
    "knot": {
        "type_1_text_consistency_score": 0.5747833251953125,
        "type_2_text_consistency_score": -0.022260725498199463,
        "type_3_text_consistency_score": -0.014217495918273926
    },
    "lock": {
        "type_1_text_consistency_score": 0.6059902906417847,
        "type_2_text_consistency_score": 0.08880382776260376,
        "type_3_text_consistency_score": -0.1280350685119629
    },
    "nail": {
        "type_1_text_consistency_score": 0.49400174617767334,
        "type_2_text_consistency_score": 0.03402242064476013,
        "type_3_text_consistency_score": -0.03341996669769287
    },
    "pin": {
        "type_1_text_consistency_score": 0.49400174617767334,
        "type_2_text_consistency_score": 0.1669020652770996,
        "type_3_text_consistency_score": -0.12917780876159668
    },
    "screw": {
        "type_1_text_consistency_score": 0.5090786218643188,
        "type_2_text_consistency_score": -0.11677994579076767,
        "type_3_text_consistency_score": -0.0936652421951294
    }
}